JOY,ANGER,SHAME,DISGUST,SADNESS,FEAR,GUILT
0.618297,0.310231,0.38796,0.492308,0.539474,0.579125,0.390728
0.618297,0.310231,0.38796,0.492308,0.539474,0.579125,0.390728
0.618297,0.310231,0.38796,0.492308,0.539474,0.579125,0.390728
0.618297,0.310231,0.38796,0.492308,0.539474,0.579125,0.390728
0.618297,0.310231,0.38796,0.492308,0.539474,0.579125,0.390728
